keyword,rank,url,title
mission control,1,https://missioncontrol.com.mx/,"Mission Control - Productos Pro Audio, Home Audio y High End."
mission control,9,https://missioncontrol.com.mx/contactenos,Contáctanos - Mission Control
yamaha yc61 precio,2,https://missioncontrol.com.mx/instrumento-musical/634-yamaha-x.html,Yamaha YC61 - Instrumento musical MC México
mcintosh rs150,2,https://missioncontrol.com.mx/bocinas/173-mcintosh-rs150-842548109889.html,McIntosh RS150 (pieza) - Bocinas MC México
tornamesa mcintosh,1,https://missioncontrol.com.mx/tornamesas/165-mcintosh-mt5-842548104303.html,McIntosh MT5 - Tornamesas MC México
mision control,1,https://missioncontrol.com.mx/,"Mission Control - Productos Pro Audio, Home Audio y High End."
mision control,9,https://missioncontrol.com.mx/contactenos,Contáctanos - Mission Control
yamaha hs7,7,https://missioncontrol.com.mx/monitores/548-yamaha-hs7.html,Yamaha HS7 - Negro (pieza) - Monitores MC México
missioncontrol,2,https://missioncontrol.com.mx/,"Mission Control - Productos Pro Audio, Home Audio y ..."
stagepas 600bt,3,https://missioncontrol.com.mx/altavoces-activos/565-yamaha-stagepas600idm.html,Yamaha STAGEPAS 600BT - Altavoces Activos MC México
yamaha yc61,3,https://missioncontrol.com.mx/instrumento-musical/634-yamaha-x.html,Yamaha YC61 - Instrumento musical MC México
dali spektor 2,3,https://missioncontrol.com.mx/bocinas/233-233-NE-Dali-SPEKTOR-2.html,DALI SPEKTOR 2 (pieza) - Bocinas MC México Acabados
mcintosh mt5,1,https://missioncontrol.com.mx/tornamesas/165-mcintosh-mt5-842548104303.html,McIntosh MT5 - Tornamesas MC México - Mission Control
tornamesa mcintosh mt5,1,https://missioncontrol.com.mx/tornamesas/165-mcintosh-mt5-842548104303.html,McIntosh MT5 - Tornamesas MC México - Mission Control
mission control switch,4,https://missioncontrol.com.mx/,"Mission Control - Productos Pro Audio, Home Audio y ..."
amplificador mcintosh,9,https://missioncontrol.com.mx/amplificadores/522-mcintosh-mc2120.html,McIntosh MC2120 - Amplificadores MC México
mcintosh ma12000,6,https://missioncontrol.com.mx/amplificadores-integrados/120-mcintosh-ma12000-842548113978.html,McIntosh MA12000 - Amplificadores Integrados MC México
blue spark,3,https://missioncontrol.com.mx/microfonos/480-blue-michrophones-spark-sl-blackout.html,Blue Microphones Blackout Spark SL - Micrófonos
chandler limited,1,https://missioncontrol.com.mx/brand/29-chandler-limited,Chandler Limited - Mission Control
chandler limited,6,https://missioncontrol.com.mx/preamplificadores/426-chandler-limited-tg2-500.html,Chandler Ltd TG2-500 - Preamplificadores MC México
microfonos blue,2,https://missioncontrol.com.mx/microfonos/478-blue-michrophones-mouse.html,Blue Microphones Mouse - Micrófonos MC México
microfonos blue,7,https://missioncontrol.com.mx/microfonos/476-blue-michrophones-kiwi.html,Blue Microphones Kiwi - Micrófonos MC México
amplificador carver,3,https://missioncontrol.com.mx/brand/3-carver,Carver - Mission Control
amplificador carver,5,https://missioncontrol.com.mx/amplificadores/20-amplificador-carver-m500t.html,Carver M500T - Amplificadores MC México
mcintosh mc275,6,https://missioncontrol.com.mx/amplificadores/129-mcintosh-mc275-842548102712.html,McIntosh MC275 - Amplificadores MC México
mcintosh tornamesa,2,https://missioncontrol.com.mx/tornamesas/165-mcintosh-mt5-842548104303.html,McIntosh MT5 - Tornamesas MC México
mcintosh tornamesa,8,https://missioncontrol.com.mx/tornamesas/167-mcintosh-mti100-842548108318.html,McIntosh MTI100 - Tornamesas MC México
cambridge cxn 100,2,https://missioncontrol.com.mx/dacs/599-cambridge-cxn-v2-series-1.html,Cambridge CXN V2 Series 1 - Inicio MC México
cambridge cxn v2,8,https://missioncontrol.com.mx/dacs/598-cambridge-cxn-v2.html,Cambridge CXN V2 - Inicio MC México Color Plata
blue mics,4,https://missioncontrol.com.mx/brand/32-blue-microphones,Blue Microphones - Mission Control
blue mics,8,https://missioncontrol.com.mx/microfonos/478-blue-michrophones-mouse.html,Blue Microphones Mouse - Micrófonos MC México
mcintosh mha50,1,https://missioncontrol.com.mx/dacs/150-mcintosh-mha50-842548105362.html,McIntosh MHA50 - DACs MC México - Mission Control
tocadiscos mcintosh,2,https://missioncontrol.com.mx/tornamesas/165-mcintosh-mt5-842548104303.html,McIntosh MT5 - Tornamesas MC México
blue dragonfly mic,1,https://missioncontrol.com.mx/microfonos/473-blue-michrophones-dragonfly.html,Blue Microphones Dragonfly - Micrófonos MC México
yamaha revstar rss02t,5,https://missioncontrol.com.mx/instrumento-musical/609-yamaha-rss-02t.html,Yamaha Revstar Standard RSS02T - Instrumento musical ...
blue spark sl,2,https://missioncontrol.com.mx/microfonos/480-blue-michrophones-spark-sl-blackout.html,Blue Microphones Blackout Spark SL - Micrófonos
blue mouse microphone,1,https://missioncontrol.com.mx/microfonos/478-blue-michrophones-mouse.html,Blue Microphones Mouse - Micrófonos MC México
dynaudio lyd 7,4,https://missioncontrol.com.mx/monitores/451-dynaudio-lyd-7-5706937616325.html,Dynaudio LYD 7 Black (pieza) - Monitores MC México
dynaudio lyd 7,6,https://missioncontrol.com.mx/monitores/535-dynaudio-lyd-7.html,Dynaudio LYD 7 White (pieza) - Monitores MC México
mcintosh mt5-6,1,https://missioncontrol.com.mx/tornamesas/165-mcintosh-mt5-842548104303.html,McIntosh MT5 - Tornamesas MC México - Mission Control
dynaudio lyd 8,6,https://missioncontrol.com.mx/monitores/452-dynaudio-lyd-8.html,Dynaudio LYD 8 Black (pieza) - Monitores MC México
misioncontrol,1,https://missioncontrol.com.mx/,"Mission Control - Productos Pro Audio, Home Audio y High End."
misioncontrol,9,https://missioncontrol.com.mx/contactenos,Contáctanos - Mission Control
anthem mrx 1140,4,https://missioncontrol.com.mx/receptores/200-200-NE-Anthem-MRX1140US120V.html,Anthem MRX 1140 - Receptores MC México
anthem avr,2,https://missioncontrol.com.mx/receptores/200-200-NE-Anthem-MRX1140US120V.html,Anthem MRX 1140 - Receptores MC México
anthem avr,4,https://missioncontrol.com.mx/receptores/199-199-NE-Anthem-MRX740US8K.html,Anthem MRX 740 - Receptores MC México - Mission Control
audifonos mcintosh,5,https://missioncontrol.com.mx/dacs/150-mcintosh-mha50-842548105362.html,McIntosh MHA50 - DACs MC México
mx123,4,https://missioncontrol.com.mx/procesadores-de-video/170-mcintosh-mx123-842548111387.html,McIntosh MX123 - Procesadores de Video MC México
dali 3,6,https://missioncontrol.com.mx/bocinas/223-223-NE-Dali-OBERON-3.html,DALI OBERON 3 (pieza) - Bocinas MC México
rs150,1,https://missioncontrol.com.mx/bocinas/173-mcintosh-rs150-842548109889.html,McIntosh RS150 (pieza) - Bocinas MC México - Mission Control
